"ID","IZENA","ABIZENA","HELBIDEA","EMAILA"
118,"CARLYN","CALDERON","3376 Perrysville Ave, Pittsburgh, PA","carlyn.calderon@citigroup.com"
119,"OLGA","WILKINS","220 Penn Ave # 300, Scranton, PA","olga.wilkins@phillips66.com"
120,"DELPHA","GOLDEN","135 S 18Th St # 1, Philadelphia, PA","delpha.golden@stryker.com"
121,"SHARELL","BRANCH","522 Swede St, Norristown, PA","sharell.branch@ibm.com"
122,"ELEANOR","FARLEY","7708 City Ave, Philadelphia, PA","eleanor.farley@valero.com"
123,"JUSTINA","HAYES","1801 Lititz Pike, Lancaster, PA","justina.hayes@antheminc.com"
124,"OMER","MACDONALD","101 E Olney Ave, Philadelphia, PA","omer.macdonald@pg.com"
125,"ROSELINE","HILL","612 Jefferson Ave, Scranton, PA","roseline.hill@airproducts.com"
126,"JANEEN","HOLT","223 4Th Ave # 1100, Pittsburgh, PA","janeen.holt@statefarm.com"
127,"TORY","AVILA","36 W 34Th St, Erie, PA","tory.avila@google.com"
128,"KEILA","SLATER","1007 Mount Royal Blvd, Pittsburgh, PA","keila.slater@comcastcorporation.com"
129,"JAZMIN","BURCH","601 Market St, Philadelphia, PA","jazmin.burch@target.com"
130,"TANDY","RAMSEY","5565 Baynton St, Philadelphia, PA","tandy.ramsey@wnr.com"
131,"DEBRA","HERRING","5640 Fishers Ln, Rockville, MD","debra.herring@jnj.com"
132,"MONNIE","WALKER","5122 Sinclair Ln, Baltimore, MD","monnie.walker@metlife.com"
133,"ALVARO","HOOPER","680 Bel Air Rd, Bel Air, MD","alvaro.hooper@adm.com"
134,"LEANDRO","WEST","4301 Ashland Ave, Baltimore, MD","leandro.west@marathonpetroleum.com"
135,"LURLINE","DENNIS","8004 Stansbury Rd, Baltimore, MD","lurline.dennis@freddiemac.com"
136,"AUREA","SANDERS","10209 Yearling Dr, Rockville, MD","aurea.sanders@pepsico.com"
137,"STACIA","RUTLEDGE","3000 Greenmount Ave, Baltimore, MD","stacia.rutledge@utc.com"
138,"PHILOMENA","ELLIOTT","200 E Fort Ave, Baltimore, MD","philomena.elliott@aetna.com"
139,"GONZALO","STONE","1262 Vocke Rd, Cumberland, MD","gonzalo.stone@lowes.com"
140,"SO","HARDIN","3314 Eastern Ave, Baltimore, MD","so.hardin@ups.com"
141,"LAUREN","RODRIQUEZ","12817 Coastal Hwy, Ocean City, MD","lauren.rodriquez@aig.com"
142,"LOAN","PATTON","11200 Scaggsville Rd, Laurel, MD","loan.patton@prudential.com"
143,"HA","LOWE","9435 Washington Blvd N # M, Laurel, MD","ha.lowe@intel.com"
144,"ALEXANDRA","MCGOWAN","2300 Harford Rd, Baltimore, MD","alexandra.mcgowan@humana.com"
145,"MELISSA","NICHOLS","2 2Nd St # A, Ocean City, MD","melissa.nichols@disney.com"
146,"KEESHA","COHEN","6917 W Oklahoma Ave, Milwaukee, WI","keesha.cohen@cisco.com"
147,"ELVERA","BENSON","206 S Broadway # 707, Rochester, MN","elvera.benson@pfizer.com"
148,"LANORA","RAY","160 Glenwood Ave, Minneapolis, MN","lanora.ray@dow.com"
149,"JIMMY","WEBER","6915 Grand Ave, Hammond, IN","jimmy.weber@sysco.com"
150,"MAE","WILKINSON","2215 Oak Industrial Dr Ne, Grand Rapids, MI","mae.wilkinson@fedex.com"
151,"LINO","NOBLE","65 Cadillac Sq # 2701, Detroit, MI","lino.noble@caterpillar.com"
152,"KATHIE","JORDAN","3435 Tuscany Dr Se, Grand Rapids, MI","kathie.jordan@lockheedmartin.com"
153,"HEIKE","EMERSON","215 4Th Ave Se, Cedar Rapids, IA","heike.emerson@newyorklife.com"
154,"PRINCESS","JONES","1751 Madison Ave, Council Bluffs, IA","princess.jones@uhsinc.com"
155,"DORETHA","TYLER","810 1St Ave, Council Bluffs, IA","doretha.tyler@coca-colacompany.com"
156,"EMILIO","DUNCAN","500 W Oklahoma Ave, Milwaukee, WI","emilio.duncan@hcahealthcare.com"
157,"GLINDA","LAMBERT","4811 S 76Th St # 205, Milwaukee, WI","glinda.lambert@ingrammicro.com"
158,"EMERY","SCHNEIDER","310 Broadway St, Alexandria, MN","emery.schneider@owens-minor.com"
159,"AMADO","JEFFERSON","1721 E Lake St, Minneapolis, MN","amado.jefferson@energytransfer.com"
160,"HISAKO","HERRERA","255 Great Arrow Ave, Buffalo, NY","hisako.herrera@tysonfoods.com"
161,"JAMEE","MCLAUGHLIN","800 Carter St, Rochester, NY","jamee.mclaughlin@aa.com"
162,"AUDRIE","CANNON","6640 Campbell Blvd, Lockport, NY","audrie.cannon@delta.com"
163,"LACEY","WALTERS","802 North Ave, Pittsburgh, PA","lacey.walters@charter.com"
164,"WELDON","ROBINSON","1136 Arch St, Philadelphia, PA","weldon.robinson@nationwide.com"
165,"SOLANGE","GATES","6Th And Master St, Philadelphia, PA","solange.gates@johnsoncontrols.com"
166,"JAME","CALHOUN","Rt 6 E, Warren, PA","jame.calhoun@bestbuy.com"
167,"STEFAN","WALTERS","1924 Bedford St, Cumberland, MD","stefan.walters@merck.com"
168,"ARLENE","ELLIOTT","2674 Collingwood St, Detroit, MI","arlene.elliott@advanceautoparts.com"
169,"SOFIA","BURNETT","2713 N Bendix Dr, South Bend, IN","sofia.burnett@libertymutual.com"
170,"CHRISTAL","GRANT","23985 Bedford Rd N, Battle Creek, MI","christal.grant@gs.com"
171,"VIOLETA","STOKES","752 W Huron St, Pontiac, MI","violeta.stokes@honeywell.com"
172,"JACKELINE","FINLEY","660 Woodward Ave # 2290, Detroit, MI","jackeline.finley@mastercard.com"
173,"HEIDY","MASSEY","1330 N Memorial Dr, Racine, WI","heidy.massey@massmutual.com"
174,"YOLANDO","WILKERSON","701 Seneca St, Buffalo, NY","yolando.wilkerson@oracle.com"
175,"LUCINDA","HURLEY","8 Automation Ln, Albany, NY","lucinda.hurley@morganstanley.com"
176,"GITA","LOGAN","811 N Brandywine Ave, Schenectady, NY","gita.logan@cigna.com"
177,"FELICITA","ALSTON","2904 S Salina St, Syracuse, NY","felicita.alston@unitedcontinentalholdings.com"
178,"LELA","EWING","3025 Sussex Ave, Pittsburgh, PA","lela.ewing@allstate.com"
179,"GABRIEL","POLLARD","932 High St, Lancaster, PA","gabriel.pollard@tiaa.org"
180,"VINCENZA","WALTON","5344 Haverford Ave, Philadelphia, PA","vincenza.walton@intlfcstone.com"
181,"SHANDRA","HIGGINS","6959 Tulip St, Philadelphia, PA","shandra.higgins@chsinc.com"
182,"THOMASENA","PICKETT","511 S Central Ave # A, Baltimore, MD","thomasena.pickett@americanexpress.com"
183,"AARON","HOLDER","400 E Joppa Rd, Baltimore, MD","aaron.holder@gilead.com"
184,"CARLOS","MOODY","1795 Wu Meng, Muang Chonburi, ","carlos.moody@publix.com"
185,"JAVIER","KIM","1796 Tsing Tao, Muang Nonthaburi, ","javier.kim@generaldynamics.com"
186,"FRAN","BATTLE","1810 Tucker Crt, Mumbai, ","fran.battle@tjx.com"
187,"SHELIA","BREWER","Walpurgisstr 69, Munich, ","shelia.brewer@conocophillips.com"
188,"JERI","RANDALL","Sendlinger Tor 4, Munich, ","jeri.randall@nike.com"
189,"JERMAINE","COTE","Theresienstr 15, Munich, ","jermaine.cote@wfscorp.com"
190,"KENNETH","SIMMONS","Via Frenzy 6903, Roma, ","kenneth.simmons@3m.com"
191,"DULCE","MATTHEWS","1822 Ironweed St, Toronto, ONT","dulce.matthews@mondelezinternational.com"
192,"KRISTLE","CAIN","Via Luminosa 162, Firenze, ","kristle.cain@exeloncorp.com"
193,"ERIKA","MURRAY","Via Notoriosa 1932 Rd, Firenze, ","erika.murray@21cf.com"
194,"MAUD","COHEN","Via Notoriosa 1941, Firenze, ","maud.cohen@johndeere.com"
195,"ROLANDA","VANG","Via Dolorosa 69, Tellaro, ","rolanda.vang@appliedmaterials.com"
196,"RENEA","CARNEY","Via Notoriosa 1943, Firenze, ","renea.carney@dupont.com"
197,"SYBIL","HARDING","Via Luminosa 162, Tellaro, ","sybil.harding@avnet.com"
198,"COLETTE","ESTRADA","2017 Convoy St, Tokyo, ","colette.estrada@eastman.com"
199,"MAXIMO","ORTEGA","Via Di Firenze 231, Tellaro, ","maximo.ortega@macysinc.com"
200,"KINA","LARSEN","Via Notoriosa 1949, Firenze, ","kina.larsen@enterpriseproducts.com"
201,"JARVIS","ALLISON","Via Frenzy 6903, Tellaro, ","jarvis.allison@travelers.com"
202,"COLLENE","NEWTON","Piazza Del Congresso 22, San Giminiano, ","collene.newton@sonicautomotive.com"
203,"VELLA","HANCOCK","Piazza Quattre Stagioni 4, San Giminiano, ","vella.hancock@pmi.com"
204,"RETTA","MARTINEZ","Piazza Cacchiatore 23, San Giminiano, ","retta.martinez@riteaid.com"
205,"ANNELLE","LAWRENCE","Via Notoriosa 1932, Tellaro, ","annelle.lawrence@techdata.com"
206,"SHERRON","SIMON","Via Notoriosa 1949, Ventimiglia, ","sherron.simon@ally.com"
207,"CARITA","MCINTYRE","1831 No Wong, Peking, ","carita.mcintyre@northwesternmutual.com"
208,"STEPHAINE","BOOKER","Via Notoriosa 1942, Firenze, ","stephaine.booker@tsocorp.com"
209,"EMILIE","PARSONS","Via Delle Grazie 11, Tellaro, ","emilie.parsons@timewarner.com"
210,"JALEESA","BOWEN","2033 Spartacus St, Samutprakarn, ","jaleesa.bowen@cstbrands.com"
211,"JEANNIE","POOLE","2034 Sabrina Rd, Samutprakarn, ","jeannie.poole@aboutmcdonalds.com"
212,"ADRIENNE","LANG","Piazza Svizzera, Milano, ","adrienne.lang@qualcomm.com"
213,"JESS","NGUYEN","Ruella Delle Spiriti, Milano, ","jess.nguyen@searsholdings.com"
214,"TANDY","HOUSE","Via Del Disegno 194, Milano, ","tandy.house@ebay.com"
215,"HERMAN","STOKES","Via Delle Capeletti 52, San Giminiano, ","herman.stokes@capitalone.com"
216,"KEESHA","LAMBERT","Via Delle Grazie 11, San Giminiano, ","keesha.lambert@emc.com"
217,"LAUREN","WILLIAMSON","Via Delli Capelli 2, San Giminiano, ","lauren.williamson@usaa.com"
218,"LUCIUS","ABBOTT","1592 Silverado St, Bangalore, Kar","lucius.abbott@lennar.com"
219,"BEATRICE","FORD","1593 Silverado St, Bangalore, Kar","beatrice.ford@duke-energy.com"
220,"TAMISHA","VARGAS","1597 Legend St, Mysore, Kar","tamisha.vargas@twc.com"
221,"DICK","LAMB","1602 Sholay St, Chennai, Tam","dick.lamb@halliburton.com"
222,"YOLANDA","BALL","1605 Bazigar Crt, Pune, ","yolanda.ball@gamestopcorp.com"
223,"JERICA","BROOKS","1606 Sangam Blvd, New Delhi, ","jerica.brooks@northropgrumman.com"
224,"NICHOL","CARTER","1607 Sangam Blvd, New Delhi, ","nichol.carter@arrow.com"
225,"BOBBY","WILSON","1609 Pakija Rd, New Delhi, ","bobby.wilson@rsac.com"
226,"EVE","SAUNDERS","1612 Talaivar St, Chennai, Tam","eve.saunders@officedepTIENDA.com"
227,"GINGER","ATKINSON","1613 Victoria St, Calcutta, ","ginger.atkinson@nordstrom.com"
228,"KENTON","HARRELL","1614 Gitanjali Rd, Calcutta, ","kenton.harrell@kindermorgan.com"
229,"MISTI","VELAZQUEZ","1615 Crackers Crt, Chennai - India, ","misti.velazquez@aramark.com"
230,"BRANDIE","BUCHANAN","1616 Mr. India Ln, Bombay - India, Kar","brandie.buchanan@davita.com"
231,"KANDI","HOLDEN","1617 Crackers St, Bangalore - India, Kar","kandi.holden@molinahealthcare.com"
232,"LASHONDA","CUNNINGHAM","1618 Villains St, New Delhi - India, ","lashonda.cunningham@wellcare.com"
233,"ROXANNE","MICHALKOW","1619 Bowlers Rd, Chandigarh, Har","roxanne.michalkow@cbscorporation.com"
234,"PHUONG","SANDERS","1620 Sixers Crt, Bombay, Kar","phuong.sanders@visa.com"
235,"VIDA","KLINE","1622 Roja St, Chennai, Tam","vida.kline@lfg.com"
236,"MAYOLA","HOUSTON","1623 Hey Ram St, Chennai - India, ","mayola.houston@ecolab.com"
237,"CRISTINE","BELL","1627 Sowdagar St, New Delhi, ","cristine.bell@kelloggcompany.com"
238,"SHAMIKA","BAUER","1628 Pataudi St, New Delhi, ","shamika.bauer@chrobinson.com"
239,"REBBECA","DAY","1632 Splash St, Chandigarh, Har","rebbeca.day@textron.com"
240,"MARYROSE","CAIN","1636 Pretty Blvd, Bangalore, Kar","maryrose.cain@loews.com"
241,"JOHNIE","ROJAS","1646 Brazil Blvd, Chennai, Tam","johnie.rojas@itw.com"
242,"VERLA","CHRISTIAN","1647 Suspense St, Cochin, Ker","verla.christian@synnex.com"
243,"TERESSA","HEWITT","1648 Anamika St, Cochin, Ker","teressa.hewitt@hormelfoods.com"
244,"SHENNA","BLAIR","1650 Teesri Manjil Crt, Kashmir, ","shenna.blair@viacom.com"
245,"LATOYIA","BURT","1656 Veterans Rd, Chennai, Tam","latoyia.burt@hollyfrontier.com"
246,"SHAQUITA","NORMAN","1662 Talaivar St, Chennai, Tam","shaquita.norman@landolakesinc.com"
247,"MYRNA","ROMERO","1667 2010 St, Batavia, Ker","myrna.romero@celgene.com"
248,"BILL","STEIN","Piazza Del Congresso 22, Roma, ","bill.stein@devonenergy.com"
249,"OLIVIA","CONRAD","Piazza Quattre Stagioni 4, Roma, ","olivia.conrad@pbfenergy.com"
250,"MARIANNE","BRYANT","Piazza Svizzera, Roma, ","marianne.bryant@genworth.com"
251,"DUSTIN","PAUL","Ruella Delle Spiriti, Roma, ","dustin.paul@yum.com"
252,"ELROY","WOLF","Via Del Disegno 194, Roma, ","elroy.wolf@ti.com"
253,"JADWIGA","MORRISON","Via Delle Capeletti 52, Roma, ","jadwiga.morrison@cdw.com"
254,"ISABELLA","ORTEGA","Via Dello Croce 93, Roma, ","isabella.ortega@paypal.com"
255,"KATIA","CASE","Via Di Firenze 231, Roma, ","katia.case@wm.com"
256,"ENRIQUETA","ODOM","Via Dolorosa 69, Roma, ","enriqueta.odom@mmc.com"
257,"DON","HANSEN","Via Notoriosa 1942, Ventimiglia, ","don.hansen@chk.com"
258,"HERB","SLOAN","Via Notoriosa 1943, Ventimiglia, ","herb.sloan@pricelinegroup.com"
259,"BLANCHE","ROBBINS","Canale Grande 2, Roma, ","blanche.robbins@parker.com"
260,"GAYNELL","BURTON","Piazza Cacchiatore 23, Roma, ","gaynell.burton@oxy.com"
261,"MARHTA","BALDWIN","Via Del Disegno 194, San Giminiano, ","marhta.baldwin@guardianlife.com"
262,"PETER","GAMBLE","Piazza Svizzera, San Giminiano, ","peter.gamble@mgmresorts.com"
263,"NATHAN","CALLAHAN","Via Dello Croce 93, Tellaro, ","nathan.callahan@farmers.com"
264,"TEREASA","PADILLA","Via Dello Croce 93, San Giminiano, ","tereasa.padilla@jcpenney.com"
265,"MERRILEE","PHILLIPS","Ruella Delle Spiriti, San Giminiano, ","merrilee.phillips@conedison.com"
266,"TISHA","MCDONALD","Via Delle Capeletti 52, San Giminiano, ","tisha.mcdonald@autoliv.com"
267,"NAPOLEON","CRUZ","Via Delli Capelli 2, Tellaro, ","napoleon.cruz@cognizant.com"
268,"BASILIA","DOWNS","1971 Limelight Blvd, Samutprakarn, ","basilia.downs@vfc.com"
269,"ALESSANDRA","ESTRADA","Harmoniegasse 3, Baden-Daettwil, AG","alessandra.estrada@ameriprise.com"
270,"SHERRON","FLORES","Sonnenberg 4, Baden-Daettwil, AG","sherron.flores@fnf.com"
271,"ELICIA","TOWNSEND","Alfred E. Neumann-Weg 3, Baden-Daettwil, AG","elicia.townsend@csc.com"
272,"PERCY","HERNANDEZ","Dr. Herbert Bitto Str 23, Baden-Daettwil, AG","percy.hernandez@lb.com"
273,"SHELIA","CAIN","Taefernstr 4, Baden-Daettwil, AG","shelia.cain@jacobs.com"
274,"CHARLENE","BOOKER","Kreuzritterplatz 5, Baden-Daettwil, AG","charlene.booker@republicservices.com"
275,"MAC","MCKAY","Helebardenweg 5, Baden-Daettwil, AG","mac.mckay@principal.com"
276,"JAMISON","MERRITT","Zum Freundlichen Nachbarn 5, Baden-Daettwil, AG","jamison.merritt@rossstores.com"
277,"QUINTON","WOODS","Ziegenwiese 3, Baden-Daettwil, AG","quinton.woods@bedbathandbeyond.com"
278,"CATHEY","MCDOWELL","Am Waldrand 5, Baden-Daettwil, AG","cathey.mcdowell@csx.com"
279,"DENEEN","HAYS","Zur Kantine 9, Baden-Daettwil, AG","deneen.hays@toysrusinc.com"
280,"JACKSON","MORIN","Grosse Bahnhostrasse 3, Baden-Daettwil, AG","jackson.morin@sands.com"
281,"MARGO","HOFFMAN","Paradeplatz 4, Zuerich, ZH","margo.hoffman@leucadia.com"
282,"ADAH","MYERS","Badenerstr 1941, Zuerich, ZH","adah.myers@dom.com"
283,"FLORENE","CRAIG","Welschdoerfchen 1941, Chur, ZH","florene.craig@ussteel.com"
284,"JANEY","BURRIS","Le Reduit, Tschiertschen, GR","janey.burris@l-3com.com"
285,"EVELINA","CAMPBELL","Bendlehn, Trogen, SG","evelina.campbell@edisoninvestor.com"
286,"THI","MAXWELL","Spisertor 3, St. Gallen, SG","thi.maxwell@entergy.com"
287,"ALESHIA","REESE","Langstr 14, Zuerich, ZH","aleshia.reese@adp.com"
288,"DOROTHA","WONG","Roessligasse 4, Zurich, ZH","dorotha.wong@firstdata.com"
289,"ESTELA","DONOVAN","Zum Froehlichen Schweizer 3, Zurich, ZH","estela.donovan@blackrock.com"
290,"HASSAN","RIVERS","Chrottenweg, Bern, BE","hassan.rivers@westrock.com"
291,"JEN","MCMAHON","Bruppacher Str 3, Baden-Daettwil, AG","jen.mcmahon@voya.com"
292,"BARBIE","CARTER","Limmatquai, Zuerich, ZH","barbie.carter@sherwin.com"
293,"CLEO","ENGLISH","Dreikoenigsstr 3, Zurich, ZH","cleo.english@hiltonworldwide.com"
294,"LIANA","PENA","Pfannenstilstr 13, Egg, ZH","liana.pena@corning.com"
295,"FRANCINA","SLATER","Kreuzstr 32, Zurich, ZH","francina.slater@rrdonnelley.com"
296,"JOSIE","STEELE","1539 Stripes Rd, Baden-Daettwil, AG","josie.steele@stanleyblackanddecker.com"
297,"MARYROSE","ROBERSON","1540 Stripes Crt, Baden-Daettwil, AG","maryrose.roberson@xcelenergy.com"
298,"ELLY","SALINAS","1592 Silverado St, Bangalore, Kar","elly.salinas@kiewit.com"
299,"GINNY","CARLSON","1593 Silverado St, Bangalore, Kar","ginny.carlson@orate.murphyusa.com"
300,"MOZELLE","SCHNEIDER","1596 Commando Blvd, Bangalore, Kar","mozelle.schneider@cbre.com"
301,"ADAM","JACOBS","1598 Legend St, Bangalore, Kar","adam.jacobs@univar.com"
302,"VERNIA","HAYES","1599 Legend Rd, Bangalore, Kar","vernia.hayes@drhorton.com"
303,"ISMAEL","SOLOMON","1600 Target Crt, Bangalore, Kar","ismael.solomon@elcompanies.com"
304,"IVEY","RUTLEDGE","1603 Rebel St, Bangalore, Kar","ivey.rutledge@praxair.com"
305,"JAME","TERRELL","1604 Volunteers Rd, Bangalore, Kar","jame.terrell@biogen.com"
306,"DAINA","COMBS","1606 Volunteers Blvd, Bangalore, Kar","daina.combs@mosaicco.com"
307,"LASHUNDA","DAVIDSON","1607 Abwdrts St, Bangalore, Kar","lashunda.davidson@statestreet.com"
308,"ARLETTE","THORNTON","1608 Amadeus St, Bangalore, Kar","arlette.thornton@unum.com"
309,"DARRON","ROBERTSON","1610 Betrayal Crt, Bangalore, Kar","darron.robertson@reynoldsamerican.com"
310,"MAPLE","BARNETT","1611 Carmen Blvd, Bangalore, Kar","maple.barnett@core-mark.com"
311,"CHARLSIE","CAREY","1614 Crackers Rd, Bangalore - India, Kar","charlsie.carey@group1auto.com"
312,"FRANK","SHANNON","1615 Crackers Crt, Bangalore - India, Kar","frank.shannon@henryschein.com"
313,"JOSIAH","BEASLEY","1616 Crackers Blvd, Bangalore - India, Kar","josiah.beasley@hertz.com"
314,"ANNABELLE","BUTLER","1617 Crackers St, Bangalore - India, Kar","annabelle.butler@thrivent.com"
315,"ED","MUELLER","1618 Footloose St, Bangalore - India, Kar","ed.mueller@nscorp.com"
316,"COLLEEN","ESTRADA","1619 Footloose Rd, Bangalore - India, Kar","colleen.estrada@rgare.com"
317,"NIKIA","KENT","1621 Gargon! Blvd, Bangalore - India, Kar","nikia.kent@pseg.com"
318,"AMBER","BRADY","1667 2010 St, Batavia, IL","amber.brady@c-a-m.com"
319,"WENDELL","MASSEY","1668 Chong Tao, Beijing, ","wendell.massey@bbt.com"
1,"FLOR","STONE","514 W Superior St, Kokomo, IN","flor.stone@raytheon.com"
2,"LAVERA","EMERSON","2515 Bloyd Ave, Indianapolis, IN","lavera.emerson@plainsallamerican.com"
3,"FERN","HEAD","8768 N State Rd 37, Bloomington, IN","fern.head@usfoods.com"
4,"SHYLA","ORTIZ","6445 Bay Harbor Ln, Indianapolis, IN","shyla.ortiz@abbvie.com"
5,"JENI","LEVY","4019 W 3Rd St, Bloomington, IN","jeni.levy@centene.com"
6,"MATTHIAS","HANNAH","1608 Portage Ave, South Bend, IN","matthias.hannah@chs.net"
7,"MATTHIAS","CRUISE","23943 Us Highway 33, Elkhart, IN","matthias.cruise@alcoa.com"
8,"MEENAKSHI","MASON","136 E Market St # 800, Indianapolis, IN","meenakshi.mason@internationalpaper.com"
9,"CHRISTIAN","CAGE","1905 College St, South Bend, IN","christian.cage@emerson.com"
10,"CHARLIE","SUTHERLAND","3512 Rockville Rd # 137C, Indianapolis, IN","charlie.sutherland@up.com"
11,"CHARLIE","PACINO","1303 E University St, Bloomington, IN","charlie.pacino@amgen.com"
12,"GUILLAUME","JACKSON","115 N Weinbach Ave, Evansville, IN","guillaume.jackson@usbank.com"
13,"DANIEL","COSTNER","2067 Rollett Ln, Evansville, IN","daniel.costner@staples.com"
14,"DIANNE","DEREK","1105 E Allendale Dr, Bloomington, IN","dianne.derek@danaher.com"
15,"GERALDINE","SCHNEIDER","18305 Van Dyke St, Detroit, MI","geraldine.schneider@whirlpoolcorp.com"
16,"GERALDINE","MARTIN","Lucas Dr Bldg 348, Detroit, MI","geraldine.martin@aflac.com"
17,"GUILLAUME","EDWARDS","1801 Monroe Ave Nw, Grand Rapids, MI","guillaume.edwards@autonation.com"
18,"MAURICE","MAHONEY","4925 Kendrick St Se, Grand Rapids, MI","maurice.mahoney@progressive.com"
19,"MAURICE","HASAN","3310 Dixie Ct, Saginaw, MI","maurice.hasan@abbott.com"
20,"DIANE","HIGGINS","113 Washington Sq N, Lansing, MI","diane.higgins@dollargeneral.com"
21,"DIANNE","SEN","2500 S Pennsylvania Ave, Lansing, MI","dianne.sen@tenethealth.com"
22,"MAURICE","DALTREY","3213 S Cedar St, Lansing, MI","maurice.daltrey@lilly.com"
23,"TESS","ROTH","8110 Jackson Rd, Ann Arbor, MI","tess.roth@dteenergy.com"
24,"KA","KAUFMAN","6654 W Lafayette St, Detroit, MI","ka.kaufman@southwest.com"
25,"SHARYL","MONTOYA","27 Benton Rd, Saginaw, MI","sharyl.montoya@penskeautomotive.com"
26,"DANIEL","GLASS","8201 Livernois Ave, Detroit, MI","daniel.glass@manpowergroup.com"
27,"RENA","ARNOLD","101 N Falahee Rd, Jackson, MI","rena.arnold@assurant.com"
28,"ARLYNE","INGRAM","3100 E Eisenhower Pky # 100, Ann Arbor, MI","arlyne.ingram@kohlscorporation.com"
29,"WILLIE","BARRERA","952 Vassar Dr, Kalamazoo, MI","willie.barrera@starbucks.com"
30,"MIREYA","COCHRAN","150 W Jefferson Ave # 2500, Detroit, MI","mireya.cochran@paccar.com"
31,"MARLENE","ODOM","40 Pearl St Nw # 1020, Grand Rapids, MI","marlene.odom@cummins.com"
32,"JACLYN","ATKINSON","1135 Catherine St, Ann Arbor, MI","jaclyn.atkinson@globalp.com"
33,"AL","SCHULTZ","301 E Genesee Ave, Saginaw, MI","al.schultz@altria.com"
34,"FELICITAS","RILEY","9936 Dexter Ave, Detroit, MI","felicitas.riley@xerox.com"
35,"CORA","CALHOUN","1660 University Ter, Ann Arbor, MI","cora.calhoun@kimberly-clark.com"
36,"TRULA","BUCKLEY","15713 N East St, Lansing, MI","trula.buckley@thehartford.com"
37,"SASHA","WALLACE","555 John F Kennedy Rd, Dubuque, IA","sasha.wallace@huntsman.com"
38,"CAITLIN","HILL","10315 Hickman Rd, Des Moines, IA","caitlin.hill@kraftheinzcompany.com"
39,"GINO","PICKETT","2115 N Towne Ln Ne, Cedar Rapids, IA","gino.pickett@lear.com"
40,"AMIRA","MACDONALD","1928 Sherwood Dr, Council Bluffs, IA","amira.macdonald@fluor.com"
41,"MACK","MORSE","2102 E Kimberly Rd, Davenport, IA","mack.morse@aecom.com"
42,"EBONI","JARVIS","1691 Asbury Rd, Dubuque, IA","eboni.jarvis@bd.com"
43,"GABRIELLE","DENNIS","5112 Sw 9Th St, Des Moines, IA","gabrielle.dennis@facebook.com"
44,"CLASSIE","NORRIS","221 3Rd Ave Se # 300, Cedar Rapids, IA","classie.norris@jabil.com"
45,"KHALILAH","HOLMAN","2120 Heights Dr, Eau Claire, WI","khalilah.holman@centurylink.com"
46,"ISREAL","ROSE","8989 N Port Washington Rd, Milwaukee, WI","isreal.rose@supervalu.com"
47,"VERENA","HOPPER","6555 W Good Hope Rd, Milwaukee, WI","verena.hopper@generalmills.com"
48,"AUDIE","FLORES","1314 N Stoughton Rd, Madison, WI","audie.flores@southerncompany.com"
49,"GERTRUDE","COOKE","4715 Sprecher Rd, Madison, WI","gertrude.cooke@nexteraenergy.com"
50,"PRINCESS","KANE","6161 N 64Th St, Milwaukee, WI","princess.kane@thermofisher.com"
51,"JACINTA","FAULKNER","11016 W Lincoln Ave, Milwaukee, WI","jacinta.faulkner@aep.com"
52,"LASHON","WALL","8600 W National Ave, Milwaukee, WI","lashon.wall@pge.com"
53,"CORLISS","MCNEIL","615 N Sherman Ave, Madison, WI","corliss.mcneil@nglenergypartners.com"
54,"BROCK","WEBB","512 E Grand Ave, Beloit, WI","brock.webb@bms.com"
55,"MELANY","MCMAHON","600 N Broadway Fl 1, Milwaukee, WI","melany.mcmahon@goodyear.com"
56,"ROGELIO","KIRBY","5235 N Ironwood Ln, Milwaukee, WI","rogelio.kirby@nucor.com"
57,"WALLACE","DILLARD","322 E Michigan St, Milwaukee, WI","wallace.dillard@pnc.com"
58,"GIA","BOYLE","1400 Bellinger St Fl 4, Eau Claire, WI","gia.boyle@healthnet.com"
59,"TENNIE","GAY","411 E Wisconsin Ave # 2550, Milwaukee, WI","tennie.gay@micron.com"
60,"OPHELIA","HURST","808 3Rd St # 100, Wausau, WI","ophelia.hurst@colgatepalmolive.com"
61,"CIARA","FLOWERS","300 Crooks St, Green Bay, WI","ciara.flowers@fcx.com"
62,"BIRGIT","STEPHENSON","122 E Dayton St, Madison, WI","birgit.stephenson@conagrafoods.com"
63,"SHAMEKA","SPENCER","633 S Hawley Rd, Milwaukee, WI","shameka.spencer@sempra.com"
64,"ALYSA","KANE","2122 Campbell Rd, La Crosse, WI","alysa.kane@gapinc.com"
65,"FRANSISCA","REEVES","3324 N Oakland Ave, Milwaukee, WI","fransisca.reeves@bakerhughes.com"
66,"JESSIKA","MERRITT","666 22Nd Ave Ne, Minneapolis, MN","jessika.merritt@bnymellon.com"
67,"AGUSTINA","CONNER","1501 Lowry Ave N, Minneapolis, MN","agustina.conner@dollartree.com"
68,"ROXANNA","WADE","113 N 1St St, Minneapolis, MN","roxanna.wade@autozone.com"
69,"VIRGIE","MAYS","4200 Yosemite Ave S, Minneapolis, MN","virgie.mays@wholefoodsmarket.com"
70,"TRANG","MCCONNELL","2800 Chicago Ave # 100, Minneapolis, MN","trang.mcconnell@ppg.com"
71,"NADA","WEST","200 1St St Sw, Rochester, MN","nada.west@genpt.com"
72,"CATHERINA","HANEY","314 W Superior St # 1015, Duluth, MN","catherina.haney@ielp.com"
73,"HARRIETTE","MELTON","1409 Willow St # 600, Minneapolis, MN","harriette.melton@navistar.com"
74,"WILLETTE","RODGERS","2720 Brewerton Rd, Syracuse, NY","willette.rodgers@pfgc.com"
75,"CALANDRA","WILLIAMSON","2134 W Genesee St, Syracuse, NY","calandra.williamson@omnicomgroup.com"
76,"TAMATHA","DELGADO","1522 Main St, Niagara Falls, NY","tamatha.delgado@dish.com"
77,"FELIX","FERGUSON","49 N Pine Ave, Albany, NY","felix.ferguson@firstenergycorp.com"
78,"ELWOOD","HAMPTON","726 Union St, Hudson, NY","elwood.hampton@precast.com"
79,"JOSH","ROACH","137 Lark St, Albany, NY","josh.roach@monsanto.com"
80,"LUANNA","SCOTT","33 Fulton St, Poughkeepsie, NY","luanna.scott@aes.com"
81,"MERYL","COLE","2360 Maxon Rd, Schenectady, NY","meryl.cole@carmax.com"
82,"JANNET","ELLIOTT","85 High St, Buffalo, NY","jannet.elliott@discoverfinancial.com"
83,"FAE","GLENN","1 Palisade Ave Fl 2, Yonkers, NY","fae.glenn@nov.com"
84,"FRANCISCO","CUMMINGS","500 S Salina St # 500, Syracuse, NY","francisco.cummings@nrgenergy.com"
85,"ERMELINDA","BENTON","33 Pine St, Lockport, NY","ermelinda.benton@westerndigital.com"
86,"LASONYA","BEARD","Po Box 2152, Buffalo, NY","lasonya.beard@marriott.com"
87,"RAYNA","TRAN","2979 Hamburg St, Schenectady, NY","rayna.tran@libertyinteractive.com"
88,"ANNICE","BOYER","1790 Grand Blvd, Schenectady, NY","annice.boyer@walmart.com"
89,"JA","WHITFIELD","7 Ingelside Ln, White Plains, NY","ja.whitfield@exxonmobil.com"
90,"JAIME","LESTER","18 Glenridge Rd, Schenectady, NY","jaime.lester@apple.com"
91,"CHARLSIE","LINDSEY","6432 Rising Sun Ave, Philadelphia, PA","charlsie.lindsey@berkshirehathaway.com"
92,"JANNETTE","HENRY","Rr 10, Reading, PA","jannette.henry@mckesson.com"
93,"MARGART","MCCALL","2455 Rose Garden Rd, Pittsburgh, PA","margart.mccall@unitedhealthgroup.com"
94,"TWANNA","CLEVELAND","1812 Timberline Rd, Altoona, PA","twanna.cleveland@cvshealth.com"
95,"BRONWYN","HORN","141 Schiller St, Reading, PA","bronwyn.horn@gm.com"
96,"JON","PETERSEN","1126 Pawlings Rd, Norristown, PA","jon.petersen@ford.com"
97,"DENNY","DANIEL","55 Church Hill Rd, Reading, PA","denny.daniel@att.com"
98,"AVIS","MOORE","354 N Prince St, Lancaster, PA","avis.moore@ge.com"
99,"EDEN","BURKE","115 Chestnut St, Philadelphia, PA","eden.burke@amerisourcebergen.com"
100,"ELISHA","LLOYD","2899 Grand Ave, Pittsburgh, PA","elisha.lloyd@verizon.com"
101,"SAMARA","BARNETT","Po Box 39, Indiana, PA","samara.barnett@chevron.com"
102,"NADIA","SAWYER","1604 Broadway Ave, Pittsburgh, PA","nadia.sawyer@costco.com"
103,"MELITA","HOLCOMB","4734 Liberty Ave, Pittsburgh, PA","melita.holcomb@fanniemae.com"
104,"EVITA","DICKERSON","21 Thornwood Rd, Harrisburg, PA","evita.dickerson@thekrogerco.com"
105,"AUNDREA","BARRY","3725 W Lake Rd, Erie, PA","aundrea.barry@amazon.com"
106,"IRVIN","LEACH","1808 4Th Ave, Altoona, PA","irvin.leach@walgreensbootsalliance.com"
107,"KELLEE","MOLINA","Station Sq, Pittsburgh, PA","kellee.molina@hp.com"
108,"RONNY","SYKES","4020 Garden Ave, Erie, PA","ronny.sykes@cardinal.com"
109,"OCIE","WALTON","100 N Peach St, Philadelphia, PA","ocie.walton@express-scripts.com"
110,"REVA","FULLER","835 Heister Ln, Reading, PA","reva.fuller@jpmorganchase.com"
111,"MARICA","HENDERSON","378 S Negley Ave, Pittsburgh, PA","marica.henderson@grainger.com"
112,"VANETTA","GROSS","5643 N 5Th St, Philadelphia, PA","vanetta.gross@boeing.com"
113,"AUDREA","HAYDEN","1401 W Warren Rd, Bradford, PA","audrea.hayden@microsoft.com"
114,"NEDA","MCFADDEN","815 Freeport Rd, Pittsburgh, PA","neda.mcfadden@bankofamerica.com"
115,"DELL","WILKINSON","327 N Washington Ave # 300, Scranton, PA","dell.wilkinson@wellsfargo.com"
116,"SHAREE","CARVER","810 Race St, Philadelphia, PA","sharee.carver@baxter.com"
117,"JOAQUINA","MCCONNELL","4901 Locust Ln, Harrisburg, PA","joaquina.mcconnell@homedepTIENDA.com"
